站號,站名,海拔高度,經度,緯度,城市,地址,設站日期,撤站日期,備註
466880,板橋,9.7M,121°26' 02〞E,24°59' 58〞N,新北市,板橋區大觀路二段265巷62號,1972/3/1,,
466900,淡水,19.0M,121°26' 24〞E,25°09' 56〞N,新北市,淡水區中正東路42巷6號,1942/1/1,,
466910,鞍部,825.8M,121°31' 12〞E,25°11' 11〞N,臺北市,北投區陽明山竹子湖路111號,1937/,,
466920,臺北,5.3M,121°30' 24〞E,25°02' 23〞N,臺北市,中正區公園路64號,1896/,,
466930,竹子湖,607.1M,121°32' 11〞E,25°09' 54〞N,臺北市,北投區陽明山竹子湖路2號,1937/,,
466940,基隆,26.7M,121°43' 56〞E,25°08' 05〞N,基隆市,仁愛區港西街6號6樓(海港大樓6樓),1946/,,
466950,彭佳嶼,101.7M,122°04' 17〞E,25°37' 46〞N,基隆市,中正區彭佳嶼,1910/,,
466990,花蓮,16.0M,121°36' 18〞E,23°58' 37〞N,花蓮縣,花蓮市花崗街24號,1910/,,
467050,新屋,5M,121°02' 36〞E,25°00' 57〞N,桃園市,新屋鄉東興路二段946號,2013/7/1,,
467060,蘇澳,24.9M,121°51' 52〞E,24°36' 06〞N,宜蘭縣,蘇澳鎮港區路1號6樓(蘇澳港行政大樓6樓),1981/7/1,,1981/12/1開始觀測。
467080,宜蘭,7.2M,121°44' 53〞E,24°45' 56〞N,宜蘭縣,宜蘭市力行街3號,1935/,,
467110,金門,47.88M,118°17' 21〞E,24°24' 27〞N,金門縣,金城鎮金水里西海路一段250號,2004/01,,
467300,東吉島,43.0M,119°39' 35〞E,23°15' 32〞N,澎湖縣,望安鄉東吉村156號,1962/,,
467350,澎湖,10.7M,119°33' 19〞E,23°34' 02〞N,澎湖縣,馬公市新興路2號,1896/,,
467410,臺南,40.8M,120°12' 17〞E,22°59' 36〞N,臺南市,中西區公園路21號,1897/,,1998/05停止觀測，2002/01恢復觀測。
467420,永康,8.1M,120°13' 43〞E,23°02' 22〞N,臺南市,永康區鹽行里正南五街520巷88號,1947/6/1,,
467440,高雄,2.3M,120°18' 29〞E,22°34' 04〞N,高雄市,前鎮區明孝里26鄰漁港南二路2號,1931/,,
467480,嘉義,26.9M,120°25' 28〞E,23°29' 52〞N,嘉義市,北新里海口寮路56號,1968/9/1,,
467490,臺中,84.04M,120°40' 33〞E,24°08' 51〞N,臺中市,北區精武路295號,1896/,,2000年至2006年氣候年報之海拔高度誤植為34M。
467530,阿里山,2413.4M,120°48' 18〞E,23°30' 37〞N,嘉義縣,阿里山鄉中正村4鄰東阿里山73-1號,1933/,,
467540,大武,8.1M,120°53' 44〞E,22°21' 27〞N,臺東縣,大武鄉大武街115號,1939/,,
467550,玉山,3844.8M,120°57' 06〞E,23°29' 21〞N,南投縣,,1943/,,
467571,新竹,26.9M,121°00' 22〞E,24°49' 48〞N,新竹縣,竹北市光明五街60號,1991/7/1,,
467590,恆春,22.1M,120°44' 17〞E,22°00' 20〞N,屏東縣,恆春鎮天文路50號,1896/,,
467610,成功,33.5M,121°21' 55〞E,23°05' 57〞N,臺東縣,成功鎮公民路84號,1940/,,
467620,蘭嶼,324.0M,121°33' 02〞E,22°02' 19〞N,臺東縣,蘭嶼鄉紅頭村2號,1941/,,
467650,日月潭,1017.5M,120°54' 29〞E,23°52' 53〞N,南投縣,魚池鄉水社村中山路270巷14號,1940/,,
467660,臺東,9.0M,121°08' 48〞E,22°45' 15〞N,臺東縣,臺東市大同路106號,1901/,,
467770,梧棲,31.73M,120°30' 54〞E,24°15' 31〞N,臺中市,梧棲區中棲路三段2號海港大樓6樓,1976/11/1,,
467780,七股,2.9M,120°04' 09〞E,23°08' 52〞N,臺南市,七股區鹽埕237-11號,2001/11/1,,
467990,馬祖,97.842M,119°55' 23〞E,26°10' 10〞N,連江縣,南竿鄉四維村6鄰88號,2004/01,,
C0A520,山佳,10M,121°23' 38〞E,24°58' 33〞N,新北市,樹林區中山路3段5號(山佳國民小學校園內),1987/5/1,,
C0A530,坪林,300M,121°42' 05〞E,24°56' 23〞N,新北市,坪林區,1987/5/1,,
C0A540,四堵,401M,121°44' 15〞E,24°53' 38〞N,新北市,坪林區碧湖(北宜路旁之碧湖橋道路上行約10分鐘),1987/5/1,,
C0A550,泰平,460M,121°48' 55〞E,24°58' 23〞N,新北市,雙溪區泰平里8鄰大平路43號(泰平國小分校附近),1987/5/1,,
C0A560,福山,405M,121°29' 40.5〞E,24°46' 42.0〞N,新北市,烏來區福山里李茂岸八號(福山國小旁),1987/5/1,,
C0A570,桶後,387M,121°35' 22.7〞E,24°51' 00.2〞N,新北市,烏來區后桶街49號孝義里5-6k處路旁,1987/5/1,,
C0A580,屈尺,70M,121°32' 17〞E,24°55' 27〞N,新北市,新店區屈尺里10鄰屈尺路55號(屈尺國民小學國小校園內),1987/5/1,,
C1A630,下盆,527M,121°31' 49.3〞E,24°46' 21.5〞N,新北市,烏來區東勢溪中游(步行一小時),1987/5/1,,
C0A640,石碇,204M,121°39' 16.7〞E,24°59' 44.4〞N,新北市,石碇區湳窟34號附近,2009/12/1,,原為雨量站(C1A640)，於2009/12/1擴充為氣象站，變更站碼為(C0A640)，觀測項目(雨量+氣壓+氣溫+風速+風向+濕度+陣風)。
C0A650,火燒寮,287M,121°44' 04.7〞E,25°00' 15.9〞N,新北市,平溪區東勢里,2009/12/1,,原為雨量站(C1A650)，於2009/12/1擴充為氣象站，變更站碼為(C0A650)，觀測項目(雨量+氣壓+氣溫+風速+風向+濕度+陣風)。
C0A660,瑞芳,97M,121°47' 33.5〞E,25°06' 53.5〞N,新北市,瑞芳區22403龍山里逢甲路360號(義方國民小學校園內),2009/12/1,,原為雨量站(C1A660)，於2009/12/1擴充為氣象站，變更站碼為(C0A660)，觀測項目(雨量+氣壓+氣溫+風速+風向+濕度+陣風)。
C0A680,五股,95M,121°25' 38〞E,25°05' 07〞N,新北市,五股區248成泰路二段49巷15號(五股國中校園內),2009/12/1,,原為雨量站(C1A680)，於2009/12/1擴充為氣象站，變更站碼為(C0A680)，觀測項目(雨量+氣壓+氣溫+風速+風向+濕度+陣風)。
C0A710,林口,238M,121°22' 12〞E,25°04' 41〞N,新北市,林口區民治路25號(林口國中校園內),2009/12/1,,原為雨量站(C1A710)，於2009/12/1擴充為氣象站，變更站碼為(C0A710)，觀測項目(雨量+氣壓+氣溫+風速+風向+濕度+陣風)。
C1A730,公館,22M,121°31' 52.7〞E,25°00' 58.2〞N,臺北市,大安區基隆路四段144巷61號(臺灣大學大氣物理所內),1987/5/1,,
C0A860,大坪,362M,121°37' 29.1〞E,25°10' 03.7〞N,新北市,萬里區溪底里香員林6-3號,1995/1/1,,
C0A870,五指山,685M,121°36' 01〞E,25°08' 02〞N,新北市,汐止區國軍示範公墓旁之復興廣播電台門口外,1993/8/1,,
C0A880,福隆,6M,121°56' 03〞E,25°01' 09〞N,新北市,貢寮區東北角海岸國家風景管理處之福隆遊客中心後方,1995/1/1,,
C0A890,雙溪,40M,121°51' 21.8〞E,25°02' 16.3〞N,新北市,雙溪區雙溪里社區活動中心旁花圃內,1995/1/1,,
C0A920,富貴角,196M,121°33' 26.2〞E,25°15' 56〞N,新北市,石門區山溪里10鄰九芎林13號旁(石門國小山溪分班附近),1995/1/1,,
C0A930,三和,200M,121°35' 09〞E,25°14' 12〞N,新北市,金山區兩湖里(距兩湖分校約300公尺),1995/1/1,,
C0A940,金山,49M,121°38' 08〞E,25°13' 31〞N,新北市,金山區中興段404地號(磺港社區活動中心內),1995/1/1,,
C0A950,鼻頭角,118M,121°54' 55〞E,25°07' 51〞N,新北市,瑞芳區鼻頭角燈塔旁,1995/1/1,,
C0A970,三貂角,116M,121°59' 38〞E,25°00' 34〞N,新北市,貢寮區三貂角燈塔旁,1996/1/1,,
C0A980,社子,54M,121°27' 41〞E,25°06' 41〞N,臺北市,士林區延平北路9段212號(台北海洋技術學院內),1997/12/1,,
C0A990,大崙尾山,463M,121°33' 56.3〞E,25°06' 30.3〞N,臺北市,內湖區大崙尾山(內雙溪森林公園),1997/12/1,,
C0A9A0,大直,49M,121°32' 05〞E,25°04' 47〞N,臺北市,中山區北安路420號(大直高中內),1997/12/1,,
C0A9B0,石牌,7M,121°30' 21.2〞E,25°07' 03.3〞N,臺北市,北投區石牌路1段139號(石牌國中內),1997/12/1,,
C0A9C0,天母,63M,121°31' 44〞E,25°07' 10〞N,臺北市,士林區天母東路116號(三玉國小內),1997/12/1,,
C0A9D0,永和,77M,121°29' 48〞E,25°00' 38〞N,新北市,永和區保生路25號(永平國民小學校園內),1997/12/1,,
C0A9E0,士林,26M,121°29' 42〞E,25°05' 32〞N,臺北市,士林區延平北路6段308號(社子國小內),1997/12/1,,
C0A9F0,內湖,20M,121°33' 56〞E,25°04' 52〞N,臺北市,內湖區內湖路一段520號(內湖高工內),1997/12/1,,
C0A9G0,南港,42M,121°35' 41〞E,25°03' 27〞N,臺北市,南港區興南路62號(東新國小內),1997/12/1,,
C0A9I1,三重,18M,121°28' 52.7〞E,25°03' 30.6〞N,新北市,三重區集美街10號(集美國小校園內),2010/10/11,,
C1A9N0,四十份,435M,121°35' 06〞E,24°56' 09〞N,新北市,新店區北宜路旁(文山事業區第四林班),2000/6/1,,
C0AC40,大屯山,1086M,121°30' 51〞E,25°10' 38.4〞N,新北市,淡水區草麓段7號(台北市陽明山鞍部氣象站山頂),2006/1/1,,
C1AC50,關渡,111M,121°27' 40.3〞E,25°08' 07〞N,臺北市,北投區學園路2號(臺北城科技大學校園內5樓頂),1992/2/27,,舊站碼(C1A970)與三貂角氣象站(C0A970)重複編號，自2008/2/25起變更站碼為(C1AC50)。
C0AC60,三峽,55M,121°21' 41.4〞E,24°56' 26.9〞N,新北市,三峽區復興路238號(三峽國中校園內),2009/10/1,,
C0AC70,信義,71M,121°33' 22〞E,25°02' 22〞N,臺北市,信義區市府路1號(台北市政府頂樓),2009/10/1,,
C0AC80,文山,40M,121°34' 03.1〞E,25°00' 14.7〞N,臺北市,文山區木柵路4段159巷14-1號(博嘉國小校園內),2009/12/1,,原為雨量站(C1AC80)，於2009/12/1擴充為氣象站，變更站碼為(C0AC80)，觀測項目(雨量+氣壓+氣溫+風速+風向+濕度+陣風)。
C0ACA0,新莊,25M,121°26' 18.7〞E,25°03' 11.7〞N,新北市,新莊區中和街193號(榮富國小校園內),2009/12/1,,原為雨量站(C1ACA0)，於2009/12/1擴充為氣象站，變更站碼為(C0ACA0)，觀測項目(雨量+氣壓+氣溫+風速+風向+濕度+陣風)。
C0AD00,三芝,86M,121°29' 36.1〞E,25°15' 34.7〞N,新北市,三芝區育英路22號(三芝國小內),2009/11/1,,
C0AD10,八里,27M,121°23' 43.1〞E,25°09' 08.1〞N,新北市,八里區中山路二段338號(八里國小內),2009/11/1,,
C0AD20,深坑,57M,121°36' 34.1〞E,25°00' 11〞N,新北市,深坑區文化街45號(深坑國小內),2009/11/1,,
C0AD30,蘆洲,20M,121°27' 50.6〞E,25°05' 18.7〞N,新北市,蘆洲區三民路96號(三民高中內),2009/11/1,,
C0AD40,土城,32M,121°26' 12.9〞E,24°58' 29.8〞N,新北市,土城區金城路一段90號(新北市政府消防局土城分隊大樓樓頂),2009/11/1,,
C0AD50,鶯歌,84M,121°20' 14.1〞E,24°57' 10.8〞N,新北市,鶯歌區尖山埔路106號(鶯歌國小內),2009/11/1,,
C0AG90,中和,25M,121°28' 56〞E,24°59' 40.1〞N,新北市,中和區錦和路350號(錦和運動公園),2011/9/1,,
C0AH00,汐止,38M,121°39' 02〞E,25°04' 07.2〞N,新北市,汐止區大同路二段394號(汐止國中),2011/9/1,,
C0C460,復興,482M,121°20' 39.4〞E,24°49' 19.4〞N,桃園市,復興鄉澤仁村中正路248號(介壽國民中學校園內),2007/10/1,,本站原為雨量站(C1C460)，於2007/10/1擴充為氣象站，變更站碼為(C0C460)。
C0C480,桃園,105M,121°18' 54〞E,24°59' 39〞N,桃園市,桃園市成功路二段144號(桃園高級農工職業學校校園內),2008/1/1,,本站原為雨量站(C1C480)，於2008/1/1擴充為氣象站，變更站碼為(C0C480)。
C0C490,八德,157M,121°16'30.0〞E,24°55'49.9〞N,桃園市,八德市興仁村中山路94號(八德國民小學校園內),2011/12/1,,本站原為雨量站(C1C490)，於2011/12/1擴充為氣象站，變更站碼為(C0C490)。
C1C510,水尾,106M,121°04' 44〞E,24°56' 31〞N,桃園市,楊梅市豐野里1鄰151號(富崗水尾工作站內),1987/6/1,,
C0C520,中壢,151M,121°10' 37.4〞E,24°58' 10.2〞N,桃園市,中壢市五權里(中央大學校園內),2007/10/1,,本站原為雨量站(C1C520)，於2007/10/1擴充為氣象站，變更站碼為(C0C520)。
C0C540,埔心,70M,121°13' 04〞E,25°02' 58〞N,桃園市,大園鄉埔心村25鄰埔心50號(埔心國民小學校園內),2008/1/1,,本站原為雨量站(C1C540)，於2008/1/1擴充為氣象站，變更站碼為(C0C540)。
C0C570,新屋,5M,121°02' 36〞E,25°00' 57〞N,桃園市,新屋鄉,2008/1/1,,本站原為雨量站(C1C570)，於2008/1/1擴充為氣象站，變更站碼為(C0C570)。
C0C590,觀音,29M,121°08' 42.4〞E,25°01' 43.9〞N,桃園市,觀音鄉廣福村10-42號(逸福農場),2007/10/1,,
C0C610,龍潭,270M,121°12' 29.4〞E,24°51' 29.4〞N,桃園市,龍潭鄉神龍路346號(雙龍國民小學校園內),2007/10/1,,
C0C620,蘆竹,19M,121°15'27.0〞E,25°05'10.0〞N,桃園市,蘆竹鄉坑口村14鄰旁,2011/12/1,,本站原為雨量站(C1C620)，於2011/12/1擴充為氣象站，變更站碼為(C0C620)。
C0C630,大溪,209M,121°15' 25〞E,24°53' 05〞N,桃園市,大溪鎮,2007/12/1,,
C0C640,龜山,177M,121°21' 59〞E,25°01' 59〞N,桃園市,龜山鄉,2007/12/1,,
C0C650,平鎮,208M,121°12' 23〞E,24°53' 58〞N,桃園市,平鎮市,2007/12/1,,
C0C660,楊梅,176M,121°08' 05.4〞 E,24°54' 50.9〞 N,桃園市,楊梅市金華街100號(楊心國小),2013/8/1,,
C0D360,梅花,523M,121°12' 01.5〞E,24°40' 48.4〞N,新竹縣,尖石鄉梅花村1鄰11號(梅花國小校園內),1987/6/1,,
C0D370,湖口,79M,121°02'08.8〞E,24°54'39.8〞N,新竹縣,湖口鄉德盛村98-8號(湖口農田水利會內),2011/12/1,,本站原為雨量站(C1D370)，於2011/12/1擴充為氣象站，變更站碼為(C0D370)。
C1D380,新埔,65M,121°01' 45〞E,24°50' 48〞N,新竹縣,新埔鎮下寮里43號義民廟右方路旁,1987/6/1,,
C0D390,關西,146M,121°09' 56.5〞E,24°48' 00.4〞N,新竹縣,關西鎮北斗里北門口41號(關西國中校園內),2008/1/1,,本站原為雨量站(C1D390)，於2008/1/1擴充為氣象站，變更站碼為(C0D390)。
C1D400,鳥嘴山,839M,121°17' 02〞E,24°43' 09〞N,新竹縣,尖石鄉新樂村復興礦場,1987/6/1,,
C1D410,白蘭,1290M,121°04' 19〞E,24°34' 54〞N,新竹縣,五峰鄉桃山村,1987/6/1,,
C1D420,太閣南,1279M,121°09' 08〞E,24°38' 05〞N,新竹縣,五峰鄉羅山工作站後方山頂羅山瞭望台旁,1987/6/1,,
C0D430,峨眉,87M,121°00'32.7〞E,24°41'32.6〞N,新竹縣,峨眉鄉31541峨眉村峨眉街54號(峨眉國中校園內),2011/12/1,,本站原為雨量站(C1D430)，於2011/12/1擴充為氣象站，變更站碼為(C0D430)。
C0D480,打鐵坑,223M,121°08' 33.4〞E,24°51' 06.3〞N,新竹縣,新埔鎮新北里8鄰大北坑28號旁,2008/1/1,,本站原為雨量站(C1D480)，於2008/1/1擴充為氣象站，變更站碼為(C0D480)。
C0D540,橫山,227M,121°07' 02〞E,24°42' 42〞N,新竹縣,橫山鄉,2007/10/1,,
C0D550,雪霸,1956M,121°06' 28.5〞E,24°31' 43.4〞N,新竹縣,五峰鄉桃山村民石380號(雪霸農場內),2007/10/1,,
C0D560,竹東,147M,121°02' 59.5〞E,24°46' 09.3〞N,新竹縣,竹東鎮二重國民小學校園內,2008/1/1,,本站原為雨量站(C1D560)，於2008/1/1擴充為氣象站，變更站碼為(C0D560)。
C0D570,香山,15M,120°54' 20〞E,24°44' 48〞N,新竹市,香山區,2007/12/1,,
C0D580,寶山,120M,121°01' 04〞E,24°44' 17〞N,新竹縣,寶山鄉,2007/12/1,,
C0D590,新豐,143M,120°58' 38〞E,24°52' 14〞N,新竹縣,新豐鄉,2007/10/1,,舊站碼(C0C580)與站址所在縣市代碼不符，自2008/2/25起變更站碼為(C0D590)。
C1D630,飛鳳山,462M,121°06'38.6〞E,24°46'05.9〞N,新竹縣,芎林鄉王爺坑段83-7號地,2011/12/1,,
C1D640,外坪,718M,121°04'58.5〞E,24°38'46.2〞N,新竹縣,北埔鄉大坪段內大坪小段36-54號地,2011/12/1,,
C0E420,竹南,19M,120°52' 51〞E,24°42' 39〞N,苗栗縣,竹南鎮大埔里仁愛路1092號(竹南鎮大埔國民小學內),1987/6/1,,
C0E430,南庄,258M,120°59' 31.5〞E,24°36' 11.4〞N,苗栗縣,南庄鄉東村文化路3號(南庄國小校園內),1987/5/1,,
C0E440,大河,122M,120°56' 17.6〞E,24°37' 08.4〞N,苗栗縣,三灣鄉大河村64號(大河國小校園內),2008/1/1,,本站原為雨量站(C1E440)，於2008/1/1擴充為氣象站，變更站碼為(C0E440)。
C1E451,象鼻,950M,120°55'56.0〞E,24°22'13.0〞N,苗栗縣,泰安鄉象鼻村,2011/11/1,,
C1E461,松安,1325M,120°58'40.0〞E,24°23'58.0〞N,苗栗縣,泰安鄉雪霸國家公園二本松解說站旁,2011/11/1,,
C1E480,鳳美,576M,121°01' 34〞E,24°33' 24〞N,苗栗縣,南庄鄉東河村24鄰石門1號(南庄往鹿場途中),1990/7/1,,
C1E511,新開,326M,120°49'08.0〞E,24°20'58.0〞N,苗栗縣,大湖鄉新開村新開4鄰20號旁,2011/11/1,,
C0E520,大湖,320M,120°51'59.0〞E,24°25'08.0〞N,苗栗縣,大湖鄉大寮村5鄰竹高屋34-1號附近,2011/11/1,,本站原為雨量站(C1E520)，於2011/11/1擴充為氣象站，變更站碼為(C0E520)。
C0E531,三義,341M,120°45'28.0〞E,24°24'46.0〞N,苗栗縣,三義鄉廣盛村10鄰122號(三義國民中學內),2011/11/1,,
C0E540,後龍,32M,120°46'32.0〞E,24°36'29.0〞N,苗栗縣,後龍鎮後龍溪橋旁高地,2011/11/1,,本站原為雨量站(C1E540)，於2011/11/1擴充為氣象站，變更站碼為(C0E540)。
C0E550,明德,84M,120°52'43.0〞E,24°35'11.0〞N,苗栗縣,頭屋鄉明德水庫水利工作站屋頂上,2011/11/1,,本站原為雨量站(C1E550)，於2011/11/1擴充為氣象站，變更站碼為(C0E550)。
C0E590,通霄,40M,120°41'47.2〞E,24°28'25.1〞N,苗栗縣,通霄鎮城北里1鄰13號(通霄鎮城中國民小學內),2011/11/1,,本站原為土城雨量站(C1E590)，於2011/11/1擴充為通霄氣象站，變更站碼為(C0E590)。
C1E601,南勢,125M,120°43'35.0〞E,24°34'28.0〞N,苗栗縣,後龍鎮南港里南勢山,2011/11/1,,
C0E610,馬都安,850M,120°55' 19〞E,24°27' 11〞N,苗栗縣,泰安鄉錦子村(由泰安開車約2小時瞭望台旁),1990/7/1,,
C1E670,南礦,1209M,120°59' 41〞E,24°32' 25〞N,苗栗縣,南庄鄉蓬萊林道末端(南庄事業區18林班地),2002/8/1,,
C1E681,南勢山,977M,120°54'56.0〞E,24°25'25.0〞N,苗栗縣,泰安鄉大興村(從泰安國小進入站址車程約10分鐘),2011/11/1,,
C1E691,南湖,786M,120°49'46.0〞E,24°24'10.0〞N,苗栗縣,大湖鄉(位於南湖台3線135K處之吊樑道山上),2011/11/1,,
C1E701,八卦,737M,120°55'10.0〞E,24°29'37.0〞N,苗栗縣,泰安鄉(與八卦派出所相距約1.2K處),2011/11/1,,
C1E711,馬拉邦山,990M,120°53'36.0〞E,24°22'09.0〞N,苗栗縣,大湖鄉東興村(馬拉邦山登山口),2011/11/1,,
C1E721,泰安,1409M,120°57'34.0〞E,24°29'26.0〞N,苗栗縣,泰安鄉騰龍古道上(走路約5分鐘)之大湖事業區18林班地,2011/11/1,,
C0E730,頭份,26M,120°54' 15〞E,24°41' 24〞N,苗栗縣,頭份鎮,2007/12/1,,
C0E740,造橋,20M,120°51'23.7〞E,24°38'19.5〞N,苗栗縣,造橋鄉造橋村14鄰3號(造橋國小),2011/11/1,,
C0E750,苗栗,62M,120°48'59.2〞E,24°34'00.0〞N,苗栗縣,苗栗市中正路241號(建功國小),2011/11/1,,
C0E760,苑裡,19M,120°39'00.1〞E,24°27'01.1〞N,苗栗縣,苑裡鎮育才街100號(國立苑裡高中),2011/11/1,,
C1E770,公館,83M,120°49'21.4〞E,24°31'43.0〞N,苗栗縣,公館鄉鶴岡村178號(鶴岡國中),2011/11/1,,
C0E780,銅鑼,160M,120°46'57.5〞E,24°29'29.5〞N,苗栗縣,銅鑼鄉福興村文化街1號(銅鑼國小),2011/11/1,,
C0E790,卓蘭,344M,120°48'58.3〞E,24°18'53.4〞N,苗栗縣,卓蘭鎮中山路127號(卓蘭鎮公所),2011/11/1,,
C0E810,西湖,53M,120°44'25.0〞E,24°33'05.8〞N,苗栗縣,西湖鄉二湖村2鄰22號(僑文國小),2011/11/1,,
C0E820,獅潭,220M,120°54'43.1〞E,24°32'27.7〞N,苗栗縣,獅潭鄉新店村11鄰103-2號(獅潭鄉公所圖書館樓頂),2011/12/1,,
C0F000,大肚,273M,120°33'50.4〞E,24°09'16.8〞N,臺中市,大肚區瑞井里遊園路一段2號(臺中區監理所內),2011/11/1,,本站原為雨量站(C1F000)，於2011/11/1擴充為氣象站，變更站碼為(C0F000)。
C0F850,東勢,379M,120°49'29.7〞E,24°14'53.5〞N,臺中市,東勢區東關路647號(東勢林區管理處雙崎工作站內),2011/11/1,,本站原為雨量站(C1F850)，於2011/11/1擴充為氣象站，變更站碼為(C0F850)。
C0F861,梨山,2215M,121°14'15.6〞E,24°14'42.0〞N,臺中市,和平區梨山里福壽山農場,2011/11/1,,
C1F871,上谷關,1000M,121°00'39.0〞E,24°12'18.0〞N,臺中市,和平區(博愛國小谷關分校附近),2011/11/1,,
C1F891,稍來,2205M,120°59'35.0〞E,24°16'03.0〞N,臺中市,和平區八仙山事業區49林班地船型山苗圃廢棄觀測坪附近,2011/11/1,,
C0F901,雙崎,535M,120°53'47.0〞E,24°17'25.0〞N,臺中市,和平區自由里東崎路2段116號內,2011/11/1,,
C1F911,新伯公,417M,120°49'58.0〞E,24°13'24.0〞N,臺中市,東勢區詒福段163地號(台電公司門前右前方),2011/11/1,,
C0F920,石岡,290M,120°45'43.6〞E,24°16'54.8〞N,臺中市,石岡區石岡里豐勢路1238號(石岡壩管理中心內),2011/11/1,,本站原為雨量站(C1F920)，於2011/11/1擴充為氣象站，變更站碼為(C0F920)。
C0F930,大甲,100M,120°37'56.5〞E,24°20'59.7〞N,臺中市,大甲區開元路71號(大甲高級工業職業學校內),2011/11/1,,本站原為雨量站(C1F930)，於2011/11/1擴充為氣象站，變更站碼為(C0F930)。
C1F941,雪嶺,2620M,121°01'07.0〞E,24°16'57.0〞N,臺中市,和平區雪嶺地區八仙山事業區60林班地小雪山莊後方水塔後山頂,2011/11/1,,
C0F970,大坑,145M,120°42'50.9〞E,24°10'29.6〞N,臺中市,北屯區軍福十三路268號(東山消防分隊),2011/11/1,,本站原為雨量站(C1F970)，於2011/11/1擴充為氣象站，變更站碼為(C0F970)。
C0F991,橫山,253M,120°35'57.3〞E,24°13'15.1〞N,臺中市,大雅區橫山通山路46號(興農高爾球場辦公室後面),2011/11/1,,
C0F9A0,中竹林,425M,120°44'36.0〞E,24°06'20.0〞N,臺中市,太平區長龍路中埔二號橋至站址直線距離約1.7km,2011/11/1,,本站原為雨量站(C1F9A0)，於2011/11/1擴充為氣象站，變更站碼為(C0F9A0)。
C1F9B1,桐林,130M,120°43'38.0〞E,24°04'05.0〞N,臺中市,霧峰區桐林里民生路(桐林國小斜對面),2011/11/1,,
C1F9C1,白冷,610M,120°55'18.0〞E,24°11'04.0〞N,臺中市,和平區天輪里天輪巷42號(臺中市和平區白冷國民小學校園內),2011/11/1,,
C1F9D1,白毛台,639M,120°52'44.0〞E,24°09'36.0〞N,臺中市,新社區福興里福民路13號旁,2011/11/1,,
C1F9E1,龍安,563M,120°49'26.0〞E,24°09'43.0〞N,臺中市,新社區中和里內(距龍安橋約1.2k處),2011/11/1,,
C1F9F1,伯公龍,500M,120°50'28.0〞E,24°16'27.0〞N,臺中市,東勢區勢林街(宏覺寺旁),2011/11/1,,
C1F9G1,慶福山,810M,120°50'23.0〞E,24°10'58.0〞N,臺中市,東勢區(台8線10.5k往馬鞍農場方向.車程約半小時),2011/11/1,,
C1F9H1,烏石坑,930M,120°56'15.0〞E,24°16'51.0〞N,臺中市,和平區大安溪事業區第122林班之烏石坑苗圃內,2011/11/1,,
C0F9I0,神岡,194M,120°39'01.1〞E,24°16'27.2〞N,臺中市,神岡區三民路639號(圳堵國小校園南側大樓屋頂平台),2011/11/1,,本站原為雨量站(C1F9I0)，於2011/11/1擴充為氣象站，變更站碼為(C0F9I0)。
C1F9J1,清水林,723M,120°48'44.0〞E,24°04'24.0〞N,臺中市,太平區136縣道9.5K處旁約500公尺,2011/11/1,,
C0F9K0,大安,30M,120°34'47.9〞E,24°20'50.8〞N,臺中市,大安區中庄里中山南路296號(大安國小),2011/11/1,,
C0F9L0,后里,253M,120°43'17.4〞E,24°18'43.6〞N,臺中市,后里區甲后路110號(后里國小),2011/11/1,,
C0F9M0,豐原,230M,120°42'44.4〞E,24°15'22.7〞N,臺中市,豐原區豐榮里12鄰新生北路155號(豐原國小),2011/11/1,,
C0F9N0,大里,75M,120°41'31.9〞E,24°05'39.8〞N,臺中市,大里區文化街120號(塗城國小),2011/11/1,,
C0F9O0,潭子,175M,120°41'45.0〞E,24°12'53.1〞N,臺中市,潭子區中山路二段435號(潭子國小),2011/11/1,,
C0F9P0,清水,26M,120°33'14.7〞E,24°18'50.5〞N,臺中市,清水區護岸路37號(高美國小),2011/11/1,,
C0F9Q0,外埔,149M,120°41'50.9〞E,24°20'58.4〞N,臺中市,外埔區土城里土城西路55號(安定國小),2011/11/1,,
C0F9R0,龍井,20M,120°31'15.0〞E,24°11'10.6〞N,臺中市,龍井區西里龍門路51號(龍井國小),2011/11/1,,
C0F9S0,烏日,43M,120°37'22.8〞E,24°06'26.9〞N,臺中市,烏日區中山路二段196號(烏日國小),2011/11/1,,
C0F9T0,西屯,111M,120°37'58.3〞E,24°10'55.3〞N,臺中市,西屯區西屯路二段300號(西屯國小),2011/11/1,,
C0F9U0,南屯,74M,120°37'48.4〞E,24°08'19.9〞N,臺中市,南屯區黎明路一段968號(南屯國小),2011/11/1,,
C0F9V0,新社,525M,120°48'27.0〞E,24°12'05.7〞N,臺中市,新社區大南里興中街46號(農委會種苗改良繁殖場),2011/11/1,,
C1F9W0,德基,1970M,121°10'55.3〞E,24°15'24.1〞N,臺中市,和平區台8甲線69-70K處，彎入勝利路接翠巒產業道路約6.2KM，路邊白色水塔旁,2011/11/1,,
C0G620,芬園,110M,120°36'47.0〞E,24°01'02.0〞N,彰化縣,芬園鄉楓坑村大埔崙產業道路上(芬園往臺灣民俗村路上),2011/11/1,,本站原為雨量站(C1G620)，於2011/11/1擴充為氣象站，變更站碼為(C0G620)。
C1G631,彰化,98M,120°32'49.0〞E,24°04'50.0〞N,彰化縣,彰化市卦山里卦山路13號(彰化藝術高級中學內),2011/11/1,,
C0G641,鹿港,17M,120°25'20.0〞E,24°04'37.0〞N,彰化縣,鹿港鎮海埔里顏厝巷67號,2011/11/1,,
C0G651,員林,34M,120°34'39.1〞E,23°56'54.0〞N,彰化縣,員林鎮萬年里明倫路2號(明倫國中內),2011/11/1,,
C0G660,溪湖,27M,120°28'15.8〞E,23°57'06.3〞N,彰化縣,溪湖鎮大竹里彰水路2段725號(湖南國民小學內),2011/11/1,,本站原為雨量站(C1G660)，於2011/11/1擴充為氣象站，變更站碼為(C0G660)。
C1G670,溪州,14M,120°29' 17〞E,23°51' 00〞N,彰化縣,溪洲鄉溪州村中央路250號(溪州農場),1992/7/1,,
C1G690,下水埔,110M,120°33' 33.9〞E,23°49' 04.2〞N,彰化縣,溪州鄉榮光村國光路1號(退輔會工程事業材料處彰化工廠),1992/7/1,,
C1G700,中西,15M,120°20' 38〞E,23°53' 02〞N,彰化縣,二林鎮中西里工城路5號二林農場中西耕區(二林鎮中西段333號),1992/7/1,,
C0G710,台西,64M,120°16' 19〞E,23°51' 02〞N,彰化縣,大城鄉臺西村許厝巷2之10號旁,1992/7/1,,
C0G770,福興,15M,120°25'46.3〞E,24°02'34.7〞N,彰化縣,福興鄉員鹿路二段270號(福興國中),2011/11/1,,
C0G780,秀水,27M,120°29'44.6〞E,24°02'09.3〞N,彰化縣,秀水鄉安東村中山路257號(秀水國小),2011/11/1,,
C0G790,花壇,27M,120°32'38.6〞E,24°01'04.0〞N,彰化縣,花壇鄉中庄村中橋街226號(華南國小),2011/11/1,,
C0G800,埔鹽,15M,120°25'24.9〞E,24°00'07.8〞N,彰化縣,埔鹽鄉永樂村永樂路600號(永樂國小),2011/11/1,,
C0G810,埔心,26M,120°31'03.4〞E,23°56'55.3〞N,彰化縣,埔心鄉舊館村員鹿路四段201號(舊館國小),2011/11/1,,
C0G820,田尾,29M,120°30'05.0〞E,23°54'12.3〞N,彰化縣,田尾鄉中正路二段101號(仁豐國小),2011/11/1,,
C0G830,埤頭,27M,120°26'41.0〞E,23°52'04.1〞N,彰化縣,埤頭鄉大湖村大湖路260號(大湖國小),2011/11/1,,
C0G840,北斗,32M,120°30'23.5〞E,23°52'45.2〞N,彰化縣,北斗鎮斗苑路二段150號(螺陽國小),2011/11/1,,
C0G850,田中,62M,120°34'49.6〞E,23°51'31.4〞N,彰化縣,田中鎮中州路一段177號(田中國小),2011/11/1,,
C0G860,社頭,45M,120°34'41.1〞E,23°53'57.9〞N,彰化縣,社頭鄉社斗路一段258號(社頭國小),2011/11/1,,
C0G870,芳苑,12M,120°18'42.7〞E,23°55'26.4〞N,彰化縣,芳苑鄉仁愛村斗苑路芳苑段211號(芳苑國中),2011/11/1,,
C0G880,二水,92M,120°36'32.5〞E,23°48'46.0〞N,彰化縣,二水鄉文化村119號(二水國小),2011/11/1,,
C0G890,伸港,24M,120°28'34.2〞E,24°09'01.9〞N,彰化縣,伸港鄉新港村和平路60號(新港國小),2011/11/1,,
C1H000,翠峰,1655M,121°11' 48〞E,24°06' 39〞N,南投縣,仁愛鄉大同村仁和路136號(台14線20K處的長途通信機房旁),1992/7/1,,
C1H850,翠巒,2297M,121°13' 07〞E,24°11' 40〞N,南投縣,仁愛鄉力行產業道路之華岡派出所斜對面,1992/5/1,,
C1H860,瑞岩,1676M,121°10' 30〞E,24°07' 32〞N,南投縣,仁愛鄉,1992/5/1,,
C1H870,仁愛,1113M,121°07' 22〞E,24°01' 14〞N,南投縣,仁愛鄉(臺電公司電源保護中心內),1992/5/1,,
C1H880,凌霄,1318M,121°00' 24〞E,24°01' 08〞N,南投縣,埔里鎮中山路三段582號(凌霄殿內),1992/5/1,,
C1H890,大肚城,451M,120°56' 39〞E,23°58' 20〞N,南投縣,埔里鎮大城里大城路169號(南投縣立大成國民中學內),1992/5/1,,
C1H900,清流,934M,120°57' 17〞E,24°04' 58〞N,南投縣,仁愛鄉互助村,1992/5/1,,
C1H910,魚池,724M,120°55' 14〞E,23°54' 10〞N,南投縣,魚池鄉興池段1368地號(魚池苗圃內),1992/5/1,,
C1H920,長福,736M,120°52' 18〞E,24°06' 14〞N,南投縣,國姓鄉長豐村,1992/5/1,,
C1H930,北山,393M,120°51' 59〞E,23°59' 14〞N,南投縣,國姓鄉北山村頭溪巷7-1號旁,1992/5/1,,
C1H941,雙冬,630M,120°47'39.0〞E,23°58'09.0〞N,南投縣,草屯鎮雙冬里,2011/11/1,,
C0H950,中寮,192M,120°45'30.7〞E,23°53'10.6〞N,南投縣,中寮鄉復興村初中巷50號(中寮國中校園內),2011/11/1,,本站原為雨量站(C1H950)，於2011/11/1擴充為氣象站，變更站碼為(C0H950)。
C0H960,草屯,120M,120°40'19.9〞E,23°58'31.6〞N,南投縣,草屯鎮中山里草鞋墩1街8號(草屯鎮公所樓頂),2011/11/1,,本站原為雨量站(C1H960)，於2011/11/1擴充為氣象站，變更站碼為(C0H960)。
C1H971,六分寮,429M,120°37'48.7〞E,23°55'35.7〞N,南投縣,鳳鳴里八卦路894號(西嶺國小校門口對面),2011/11/1,,
C0H990,昆陽,3076M,121°15' 55.3〞E,24°07' 23.3〞N,南投縣,仁愛鄉昆陽警察局後方下坡處(太魯閣國家公園)石碑後20公尺,1992/7/1,,
C0H9A0,神木村,1595M,120°50' 05〞E,23°32' 10〞N,南投縣,信義鄉神木村神木工作分站後方山坡上(對高岳營林區29林班地444號土地),1999/2/1,,
C1H9B1,阿眉,1710M,120°59'10.0〞E,24°07'40.0〞N,南投縣,仁愛鄉(水利局雨量站旁),2011/11/1,,
C0H9C1,合歡山,3402M,121°15'50.7〞E,24°08'41.2〞N,南投縣,仁愛鄉(近合歡山三角點，由松雪樓開車約15分鐘，大甲溪事業區第81林班),2011/11/1,,
C0I010,廬山,1562M,121°10' 24〞E,24°02' 06〞N,南投縣,仁愛鄉大同村仁和路21號(埔里-霧社收費站-盧山電力公司瞭望台),1992/7/1,,
C1I020,萬大,1555M,121°07' 25〞E,23°58' 53〞N,南投縣,仁愛鄉親愛村萬大水庫宿舍旁,1992/7/1,,
C1I030,武界,948M,121°02' 39〞E,23°54' 53〞N,南投縣,仁愛鄉法治村,1992/7/1,,
C1I040,文文社,1693M,121°00' 46〞E,23°49' 36〞N,南投縣,仁愛鄉法治村良久林場內,1992/7/1,,
C1I060,望鄉,2403M,120°54' 10〞E,23°37' 16〞N,南投縣,信義鄉望美村望鄉工作站內(巒大事業區119林班),1992/7/1,,
C1I070,和社,825M,120°52' 51〞E,23°35' 33〞N,南投縣,信義鄉中橫同富村同和巷47號和社分社觀測坪內,1992/7/1,,
C1I080,信義,536M,120°50' 34〞E,23°41' 29〞N,南投縣,信義鄉自強村綠美巷(內茅埔林區23林班地),1992/7/1,,
C0I091,鳳凰,910M,120°46'45.0〞E,23°43'47.0〞N,南投縣,鹿谷鄉鳳凰鳥園旁,2011/11/1,,
C1I101,溪頭,1810M,120°47'57.0〞E,23°39'47.0〞N,南投縣,鹿谷鄉內湖村森林巷溪頭林營區(鳳凰山瞭望台旁),2011/11/1,,
C0I111,竹山,161M,120°40'40.0〞E,23°45'53.0〞N,南投縣,竹山鎮延和里向學街32號(竹山國民小學內),2011/11/1,,
C1I121,大鞍,1515M,120°45'06.0〞E,23°40'49.0〞N,南投縣,竹山鎮樟空倫山之三角點附近,2011/11/1,,
C1I131,桶頭,311M,120°38'44.0〞E,23°38'39.0〞N,南投縣,竹山鎮鯉南路338號旁,2011/11/1,,
C1I140,卡奈托灣,1700M,121°04' 47〞E,23°45' 22〞N,南投縣,信義鄉丹大事業區第16林班地,1993/3/1,,
C1I150,青雲,393M,120°56' 28〞E,23°48' 03〞N,南投縣,信義鄉地利村5鄰開信巷98-3號旁,1993/3/1,,
C1I160,龍神橋,339M,120°51' 49〞E,23°46' 54〞N,南投縣,水里鄉崁頂村(臺21線龍神橋附近),1993/3/1,,
C1I170,集集,235M,120°46' 01〞E,23°49' 42〞N,南投縣,集集鎮集集加油站旁,1992/5/1,,
C1I190,水長流,660M,120°51' 09〞E,24°03' 49〞N,南投縣,國姓鄉大旗農路末端,2002/8/1,,
C1I201,中心崙,677M,120°42'15.0〞E,23°43'49.0〞N,南投縣,竹山鎮之中心崙林道4.1KM處,2011/11/1,,
C1I211,蘆竹湳,529M,120°48'14.0〞E,23°56'09.0〞N,南投縣,中寮鄉清水村龍林巷4鄰58之6號旁,2011/11/1,,
C1I220,樟湖,1098M,120°50' 21〞E,23°54' 25〞N,南投縣,國姓鄉147縣道9Km處與站址直線距離約1.6Km,2002/8/1,,
C1I230,九份二山,917M,120°50' 14〞E,23°57' 50〞N,南投縣,國姓鄉南港村九份二山上(921地震紀念公園內),2002/8/1,,
C1I240,外大坪,725M,120°54' 35〞E,23°57' 38〞N,南投縣,埔里鎮種瓜路(投68)路口至站址車程約20分鐘,2002/8/1,,
C1I250,埔里,732M,120°58' 59〞E,23°57' 50〞N,南投縣,埔里鎮埔里高工旁中心路2Km處,2002/8/1,,
C1I260,北坑,601M,120°59' 56〞E,23°55' 35〞N,南投縣,埔里鎮麒麟里4鄰武界路31號旁,2002/8/1,,
C1I270,水里,593M,120°50' 45〞E,23°50' 02〞N,南投縣,水里鄉聖母修道院內,2002/8/1,,
C1I280,埔中,439M,120°38' 05〞E,23°49' 21〞N,南投縣,名間鄉埔中村11之3號後面,2002/8/1,,
C1I290,豐丘,1151M,120°52' 44〞E,23°40' 12〞N,南投縣,信義鄉豐丘村豐丘產業道路末端,2002/8/1,,
C1I300,上安橋,781M,120°51' 57〞E,23°43' 49〞N,南投縣,水里鄉(臺21線上安村段之三廓產業道路2K處梅園裡),2002/8/1,,
C1I310,西巒,1001M,120°52' 32〞E,23°45' 23〞N,南投縣,信義鄉(臺21線道之人倫林道8K處),2002/8/1,,
C1I320,奧萬大,1275M,121°10' 14〞E,23°57' 17〞N,南投縣,仁愛鄉(奧萬大森林遊樂區內),2002/8/1,,
C1I330,楓樹林,1266M,121°04' 05〞E,23°59' 19〞N,南投縣,仁愛鄉埔里事業區107林班地(臺14線近埔里市區),2002/8/1,,
C1I340,新興橋,897M,120°51' 35〞E,23°33' 57〞N,南投縣,信義鄉臺21線新興橋附近,2002/8/1,,
C1I350,東埔,887M,120°55' 00〞E,23°33' 29〞N,南投縣,信義鄉東埔村村辦公室籃球場旁,2002/8/1,,
C1K230,西螺,79M,120°26' 40〞E,23°48' 23〞N,雲林縣,西螺鎮西螺鎮東南路326號(東南中學內),1993/3/1,,
C0K241,草嶺,1132M,120°41'36.0〞E,23°35'44.0〞N,雲林縣,古坑鄉草嶺村龍頭,2011/11/1,,
C1K250,崙背,59M,120°18' 39〞E,23°45' 27〞N,雲林縣,崙背鄉阿勸村阿勸農場(阿勸段487號),1993/3/1,,
C1K260,後安寮,29M,120°13' 30〞E,23°47' 28〞N,雲林縣,麥寮鄉後安村227號(雲林縣麥寮鄉豐安國民小學內),1993/3/1,,
C1K270,褒忠,21M,120°17' 59〞E,23°42' 24〞N,雲林縣,褒忠鄉埔姜村太湖路11號(埔姜工作站內),1993/3/1,,
C0K280,四湖,23M,120°13' 02〞E,23°37' 52〞N,雲林縣,四湖鄉湖西村中正路766號(四湖國民中學內),1993/3/1,,
C0K291,宜梧,5M,120°09' 39.5〞E,23°32' 14.8〞N,雲林縣,口湖鄉湖口村170號(央廣口湖分台內),2010/9/27,,
C0K300,大埔,369M,120°35' 50〞E,23°38' 35〞N,雲林縣,古坑鄉朝陽村北極殿旁,1993/3/1,,
C1K310,斗六,40M,120°30' 29〞E,23°42' 26〞N,雲林縣,斗六市保長路155號(雲林縣斗六市保長國民小學內),1993/3/1,,
C1K320,阿丹,51M,120°30' 13〞E,23°39' 35〞N,雲林縣,斗南鎮將軍里溫厝1號(雲林縣斗南鎮重光國民小學內),1993/3/1,,
C0K330,虎尾,38M,120°25' 57〞E,23°43' 17〞N,雲林縣,虎尾鎮林森路一段64號(中正國民小學內),1993/3/1,,
C1K340,土庫,33M,120°22' 54〞E,23°41' 24〞N,雲林縣,土庫鎮石廟里復興路16號(雲林縣土庫國民中學內),1993/3/1,,
C1K350,北港,24M,120°17' 12〞E,23°34' 14〞N,雲林縣,北港鎮光復路2號(北港糖廠內),1993/3/1,,
C1K380,山豬湖,649M,120°35' 35〞E,23°35' 19〞N,雲林縣,古坑鄉華山村松林路41號旁約100公尺,2002/8/1,,
C1M390,龍美,1090M,120°38' 45〞E,23°24' 28〞N,嘉義縣,番路鄉公興村隆美地區(舊地名為瀨頭)私人茶園內,1988/12/1,,本站於 2013/4/27 進行儀器汰換，並於2013/8/1完成驗收。
C1M400,菜瓜坪,369M,120°34' 06〞E,23°15' 13〞N,嘉義縣,大埔鄉西興村,1988/12/1,,本站於 2013/4/18 進行儀器汰換，並於2013/8/1完成驗收。
C0M410,馬頭山,245M,120°34' 25〞E,23°19' 35〞N,嘉義縣,大埔鄉永樂村1鄰內灣仔2號,1988/12/1,,本站於 2013/3/21 進行儀器汰換，並於2013/8/1完成驗收。
C1M440,新高口,2540M,120°52' 13〞E,23°28' 51〞N,嘉義縣,阿里山鄉新高口臺(阿里山遊樂區往18號公路)(阿里山事業區221林班地),1992/5/1,,
C1M450,中坑(3),167M,120°31' 03〞E,23°33' 47〞N,嘉義縣,大林鎮大糖里399號大埔美農場(中坑段中坑128號),1993/3/1,,
C1M460,溪口,14M,120°23' 46〞E,23°36' 21〞N,嘉義縣,溪口鄉中正東路103號(嘉義縣立溪口國民中學內),1993/3/1,,
C1M470,鰲鼓,23M,120°08' 25〞E,23°30' 26〞N,嘉義縣,東石鄉鰲鼓村四股67號(臺灣糖業公司鰲鼓農場),1993/3/1,,
C1M480,樟腦寮,798M,120°35' 58〞E,23°32' 19〞N,嘉義縣,竹崎鄉(阿里山鐵路獨立山站旁獨立山之三角點),1993/3/1,,
C1M490,內埔,130M,120°33' 22〞E,23°29' 15〞N,嘉義縣,竹崎鄉內埔村元興路2號(嘉義縣竹崎鄉內埔國民小學內),1993/3/1,,
C1M500,魚寮,41M,120°21' 14〞E,23°28' 49〞N,嘉義縣,太保市港尾村農場1號白鴿厝農場(白鴿厝段白鴿厝小段139內號),1993/3/1,,
C1M510,朴子,8M,120°14' 58〞E,23°28' 17〞N,嘉義縣,朴子市德奐里120號(農業改良場朴子分場),1993/3/1,,
C1M520,東後寮,19M,120°14' 25〞E,23°22' 17〞N,嘉義縣,義竹鄉東光村東後寮農場(新庄段新庄小段33號),1993/3/1,,
C0M530,奮起湖,1385M,120°41' 28〞E,23°29' 45〞N,嘉義縣,竹崎鄉阿里山事業區148林班地(中興苗圃內),1993/3/1,,
C1M540,小公田,768M,120°34' 22〞E,23°21' 49〞N,嘉義縣,番路鄉分水嶺休息站後方山丘上,1993/3/1,,
C1M551,中埔,110M,120°30' 44〞E,23°25' 31〞N,嘉義縣,中埔鄉中埔村中正路1號(中埔國民小學校園內),2006/3/27,,
C1M560,南靖,43M,120°22' 38〞E,23°24' 49〞N,嘉義縣,水上鄉靖和村1號南靖糖廠(南靖段867內號),1993/3/1,,
C1M570,大湖,722M,120°36' 45〞E,23°28' 36〞N,嘉義縣,番路鄉大湖村5鄰下坪8號(嘉義縣番路鄉大湖國民小學內),1993/3/1,,
C1M600,頭凍,986M,120°35' 43〞E,23°24' 29〞N,嘉義縣,番路鄉阿里山公路23K處轉入興社產業道路盡頭,2002/8/1,,
C1M610,石磐龍,1083M,120°39' 18〞E,23°29' 53〞N,嘉義縣,竹崎鄉光華村,2002/8/1,,
C1M620,瑞里,1252M,120°40' 01〞E,23°32' 49〞N,嘉義縣,梅山鄉瑞里派出所旁小路至站址(公墓旁)車程約10分鐘,2002/8/1,,
C1M630,豐山,1052M,120°44' 27〞E,23°35' 49〞N,嘉義縣,阿里山鄉豐山村石鼓磐98號旁約200公尺處,2002/8/1,,
C1N001,沙崙,24M,120°18' 04.8〞 E,22°56' 14.1〞 N,臺南市,歸仁區沙崙里184號北沙崙農場,2013/8/1,,
C0O811,曾文,161M,120°29' 21.2〞 E,23°13' 17.3〞 N,臺南市,楠西區曾文新村(曾文水庫管理局內),2013/8/1,,
C0O830,北寮,127M,120°29' 13.0〞E,23°04' 53.8〞N,臺南市,南化區北寮里48-4號,2013/4/18,,原為雨量站(C1O830)於2013/4/18擴充為氣象站，變更站碼為(C0O830)。
C1O840,王爺宮,144M,120°23' 28〞E,23°13' 21〞N,臺南市,六甲區王爺里9鄰王爺宮15號,1988/12/1,,
C1O850,環湖,44M,120°24' 37〞E,23°09' 00〞N,臺南市,大內區頭社里10號(大內國小鳴頭分校內),1988/12/1,,本站於 2013/4/26 進行儀器汰換，並於2013/8/1完成驗收。
C0O860,大內,38M,120°21' 09.9〞 E,23°07' 14.2〞 N,臺南市,大內區74201大內里63號(大內國民小學),2013/8/1,,原為雨量站(C1O860)於2013/8/1擴充為氣象站，變更站碼為(C0O860)。
C1O870,大棟山,1246M,120°30' 51〞E,23°18' 48〞N,臺南市,白河區大棟山三角點,1988/12/1,,本站於 2013/5/7 進行儀器汰換，並於2013/8/1完成驗收且變更站碼為(C1O871)。
C1O880,關山,223M,120°35' 09〞E,23°10' 30〞N,臺南市,南化區關山里西阿里山關83號(瑞峰國小附近),1988/12/1,,本站於 2013/4/16 進行儀器汰換，並於2013/8/1完成驗收。
C0O900,善化,9M,120°17' 22〞E,23°06' 52〞N,臺南市,善化區益民寮60號(亞洲蔬菜研究發展中心內),1988/12/1,,本站於 2013/5/11 進行儀器汰換，並於2013/8/1完成驗收。
C0O910,新營,16M,120°18' 50〞E,23°17' 39〞N,臺南市,柳營區73603太康里一號(太康段523-12號),1988/12/1,,
C1O921,楠西,115M,120°28' 35.8〞E,23°11' 02.8〞N,臺南市,楠西區中興路107號(楠西國民中學內),2013/4/18,,
C0O931,玉井,69M,120°27' 08.9〞E,23°07' 40.2〞N,臺南市,玉井區台灣糖業公司玉井糖廠,2013/4/18,,
C0O950,安南,4M,120°08' 12.0〞 E,23°04' 42.0〞 N,臺南市,安南區公學路6段589號(學東國民小學內),2013/8/1,,原為雨量站(C1O950)於2013/8/1擴充為氣象站，變更站碼為(C0O950)。
C0O960,崎頂,112M,120°21' 40.3〞E,22°57' 40.7〞N,臺南市,龍崎區中坑里5鄰13號,2013/4/18,,原為雨量站(C1O960)於2013/4/18擴充為氣象站，變更站碼為(C0O960)。
C0O970,虎頭埤,71M,120°20' 23.3〞 E,23°01' 23.3〞 N,臺南市,新化區口埤18號(新化分場),2013/8/1,,原為雨量站(C1O970)於2013/8/1擴充為氣象站，變更站碼為(C0O970)。
C0O980,新市,18M,120°17' 25.5〞 E,23°03' 48.8〞 N,臺南市,新市區永就里53號(番子寮農場),2013/8/1,,原為雨量站(C1O980)於2013/8/1擴充為氣象站，變更站碼為(C0O980)。
C1O990,媽祖廟,23M,120°17' 07〞E,22°59' 36〞N,臺南市,歸仁區中正北路3段60號(保西國民小學內),1992/5/1,,
C1P9A0,三爺,35M,120°16' 19〞E,22°50' 18〞N,高雄市,路竹區82108三爺里民權路7號(三埤國民小學),1992/5/1,,舊站碼(C1R180)與站址所在縣市代碼不符，自2008/2/25起變更站碼為(C1P9A0)。
C0R100,尾寮山,1018M,120°40' 33〞E,22°50' 06〞N,屏東縣,三地門鄉口社檢查站車程約2小時(尾寮山瞭望台旁),1992/5/1,,
C1R110,古夏,140M,120°38' 14〞E,22°46' 17〞N,屏東縣,三地門鄉口社村5鄰信義巷58-5號,1992/5/1,,
C1R120,上德文,820M,120°41' 47〞E,22°45' 54〞N,屏東縣,三地門鄉德文村口之公墓旁,1992/5/1,,本站於 2013/6/5 進行儀器汰換，並於2013/8/1完成驗收。
C0R130,阿禮,1040M,120°44' 08.0〞 E,22°44' 40.0〞 N,屏東縣,霧台鄉(屏東事業區第46林班)由山地文化村開車約2小時需徒步轉波站前面,2013/8/1,,原為雨量站(C1R130)於2013/8/1擴充為氣象站，變更站碼為(C0R130)。
C0R140,瑪家,740M,120°40' 44.0〞 E,22°41' 05.0〞 N,屏東縣,瑪家鄉瑪家村4鄰24號(後山),2013/8/1,,原為雨量站(C1R140)於2013/8/1擴充為氣象站，變更站碼為(C0R140)。
C0R150,三地門,99M,120°37' 54〞E,22°42' 43〞N,屏東縣,內埔鄉水門村成功路83號(國立內埔高級農工職業學校內),1992/5/1,,
C1R160,新圍,56M,120°31' 48〞E,22°45' 14〞N,屏東縣,鹽埔鄉彭厝國民小學校園,1992/5/1,,
C1R170,屏東,26M,120°29' 01〞E,22°39' 43〞N,屏東縣,屏東市復興路245號(台灣糖業公司屏東區處場區內),1992/5/1,,
C1R190,赤山,48M,120°36' 30〞E,22°35' 34〞N,屏東縣,萬巒鄉東山路1號赤山農場(赤山段217號),1992/5/1,,
C1R201,龍泉,63M,120°35' 32.9〞 E,22°40' 05.8〞 N,屏東縣,內埔鄉龍泉村原勝路6號(崇文國民小學內),2013/8/1,,
C1R210,麟洛,54M,120°32' 37〞E,22°39' 33〞N,屏東縣,麟洛鄉新田村信義路農場巷10號月縊寮溪農場(麟洛段1689號),1992/5/1,,本站因儀器汰換，自2013/6/17起暫停資料提供。
C0R220,潮州,12M,120°31' 54〞E,22°32' 07〞N,屏東縣,潮州鎮光春路290號(屏東縣立光春國民中學內),1992/5/1,,
C1R240,來義,74M,120°37' 03〞E,22°31' 44〞N,屏東縣,萬巒鄉新隆路64號萬隆農場(佳佐段180號),1997/7/1,,
C1R250,力里,91M,120°37' 12〞E,22°25' 47〞N,屏東縣,春日鄉七佳村自強一路92號(力里國民小學內),1997/7/1,,
C1R260,春日,86M,120°37' 13〞E,22°22' 20〞N,屏東縣,春日鄉春日國民小學內,1997/7/1,,
C0R270,琉球嶼,51M,120°21' 15〞E,22°20' 02〞N,屏東縣,琉球鄉天台段596及597地號,1997/7/1,,
C0R280,檳榔,250M,120°49' 42〞E,22°04' 14〞N,屏東縣,滿州鄉長樂村大公路14號(往南仁山方向),1997/7/1,,
C1R290,石門山,260M,120°44' 30〞E,22°07' 00〞N,屏東縣,牡丹鄉石門古戰場(恆春事業區29林班地),1997/7/1,,
C1R300,旭海,20M,120°52' 43〞E,22°11' 52〞N,屏東縣,牡丹鄉旭海村6號(旭海分駐所對面平地上),1997/7/1,,
C1R310,壽卡,489M,120°51' 04〞E,22°14' 30〞N,屏東縣,牡丹鄉(潮州事業區46林班地)電信轉播站後方,1997/7/1,,
C1R320,車城,54M,120°42' 29〞E,22°04' 33〞N,屏東縣,車城鄉福興村中山路66號(車城國民小學操場旁),1997/7/1,,
C1R330,枋山,36M,120°39' 11〞E,22°14' 55〞N,屏東縣,枋山鄉枋山村枋山路6號加祿國小枋山分校內,1997/7/1,,
C1R340,牡丹,285M,120°49' 47〞E,22°11' 39〞N,屏東縣,牡丹鄉恆春事業區第二五林班(199縣道23K-23.5K間之側坡地上),1999/4/12,,原為氣象站(C0R340)，於1999/4/12變更為雨量站，變更站碼為(C1R340)。
C0R350,貓鼻頭,49M,120°43' 41〞E,21°55' 28〞N,屏東縣,恆春鎮(貓鼻頭風景區內),1997/7/1,,
C0R360,墾丁,5M,120°47' 39〞E,21°56' 52〞N,屏東縣,恆春鎮墾丁里牧場路1號(畜產試驗所恆春分所內),1997/7/1,,
C0R370,佳樂水,94M,120°50' 12〞E,21°59' 39〞N,屏東縣,滿州鄉港口村茶山路14號(佳樂山林務局工作站內),1997/7/1,,
C0R380,枋寮,69M,120°35' 24〞E,22°22' 05〞N,屏東縣,枋寮鄉枋寮村德興路197號(枋寮國民小學操場旁),1997/7/1,,
C0R400,楓港,63M,120°41' 05〞E,22°11' 30〞N,屏東縣,枋山鄉善餘村光復路24號(楓港國民小學操場旁),1997/7/1,,
C0R420,牡丹池山,504M,120°49' 57.1〞E,22°10' 10.5〞N,屏東縣,牡丹鄉電信轉播臺旁步行約3分鐘(恆春事業區21林班地),1999/4/15,,
C0R430,東港,31M,120°26' 00〞E,22°28' 00〞N,屏東縣,東港鎮豐漁街66號(國立東港高級海事水產職業學校),2009/1/1,,觀測項目(雨量+氣溫+風速+風向)。本站於2013/6/18 進行儀器汰換，並於2013/8/1完成驗收。
C1R440,大漢山,1654M,120°44' 42.3〞E,22°24' 21.1〞N,屏東縣,春日鄉大漢山頂,2012/1/1,,
C0R470,高樹,103M,120°35' 33.8〞 E,22°49' 41.6〞 N,屏東縣,高樹鄉興中路329號(高樹鄉公所),2013/8/1,,
C0R480,長治,57M,120°32' 04.6〞 E,22°41' 41.4〞 N,屏東縣,長治鄉德成村中興路572-1號(長治消防分隊),2013/8/1,,
C0R490,九如,49M,120°28' 57.0〞 E,22°44' 32.2〞 N,屏東縣,九如鄉九如路二段416號(九如鄉公所),2013/8/1,,
C0R500,竹田,32M,120°32' 09.2〞 E,22°35' 11.6〞 N,屏東縣,竹田鄉中正路123號(竹田鄉公所),2013/8/1,,
C0R510,萬丹,31M,120°28' 56.6〞 E,22°35' 22.6〞 N,屏東縣,萬丹鄉萬安村和平東路69號(萬丹消防分隊),2013/8/1,,
C0R520,崁頂,18M,120°29' 56.3〞 E,22°30' 59.9〞 N,屏東縣,崁頂鄉崁頂村興農路20之10號(崁頂消防分隊),2013/8/1,,
C0R530,林邊,16M,120°30' 07.5〞 E,22°25' 57.6〞 N,屏東縣,林邊鄉光林村和平路45號(林邊鄉衛生所),2013/8/1,,
C0R540,佳冬,17M,120°32' 39.2〞 E,22°25' 16.3〞 N,屏東縣,佳冬鄉佳昌路99號(佳冬鄉公所),2013/8/1,,
C0R550,新埤,38M,120°34' 29.4〞 E,22°28' 11.2〞 N,屏東縣,新埤鄉民眾路103號(新埤消防分隊),2013/8/1,,
C0R560,新園,22M,120°27' 12.6〞 E,22°32' 42.7〞 N,屏東縣,新園鄉仙吉村店口路116號(新園消防分隊),2013/8/1,,
C0R580,南州,10M,120°29' 40.9〞 E,22°29' 15.7〞 N,屏東縣,南州鄉溪南村人和路241號(南州消防分隊),2013/8/1,,
C0R590,里港,72M,120°29' 11.5〞 E,22°46' 51.5〞 N,屏東縣,里港鄉永春村中山路104號(里港鄉公所),2013/8/1,,
C1S620,土阪,122M,120°52' 46〞E,22°27' 17〞N,臺東縣,達仁鄉土阪村1鄰10號(土阪國民小學操場旁),1997/7/1,,
C1S630,都蘭,23M,121°13' 15〞E,22°52' 47〞N,臺東縣,東河鄉都蘭村431號(都蘭國民小學操場旁),1997/7/1,,
C1S660,下馬,794M,121°03' 44〞E,23°09' 08〞N,臺東縣,海端鄉廢棄下馬派出所旁,1997/7/1,,
C1S670,摩天,1580M,121°01' 09〞E,23°12' 04〞N,臺東縣,海端鄉(省道臺20線169K福德宮後方),1997/7/1,,
C0S680,紅葉山,1659M,121°01' 52〞E,22°55' 18〞N,臺東縣,延平鄉紅葉山瞭望臺旁(延平林道23K處步行約50分鐘),1997/7/1,,
C0S690,太麻里,522M,120°59' 09〞E,22°36' 37〞N,臺東縣,太麻里鄉(往金針山茶區之半路上),1997/7/1,,
C0S700,知本,507M,120°59' 51〞E,22°41' 12〞N,臺東縣,卑南鄉溫泉村(溫泉國小之樂山分校內),1997/7/1,,
C0S710,鹿野,313M,121°06' 53〞E,22°55' 07〞N,臺東縣,鹿野鄉龍田村龍海路7-6號(高臺茶園觀景臺旁),1997/7/1,,
C0S730,綠島,304M,121°28' 31〞E,22°39' 14〞N,臺東縣,綠島鄉,1997/7/1,,
C0S740,池上,289M,121°12' 06〞E,23°07' 17〞N,臺東縣,池上鄉新興村104號(退輔會臺東農場內),1997/7/1,,
C0S750,向陽,2280M,120°58' 41〞E,23°15' 00〞N,臺東縣,海端鄉向陽(公路局向陽工務段圍牆內),1997/7/1,,
C0S760,紅石,1621M,121°07' 12〞E,23°04' 17〞N,臺東縣,海端鄉紅石(紅石瞭望臺旁),1997/7/1,,
C0S770,大溪山,375M,120°56' 07〞E,22°28' 48〞N,臺東縣,太麻里鄉多良村(廢棄中華電信轉播站旁),1997/7/1,,
C0S790,金崙,236M,120°57' 32〞E,22°32' 24〞N,臺東縣,太麻里鄉金崙段0304-1地號,2004/6/1,,
C1S800,華源,80M,121°00' 56〞E,22°39' 35〞N,臺東縣,太麻里鄉華源村,2004/6/1,,
C0S810,東河,65M,121°17' 54〞E,22°58' 25〞N,臺東縣,東河鄉北東河17鄰26號(東河國民小學操場旁),2004/6/1,,本站原為雨量站(C1S640)，於2004/06/01擴充為氣象站，變更站碼為(C0S810)。
C1S820,金峰,177M,120°55' 51.0〞E,22°35' 56.4〞N,臺東縣,金峰鄉嘉蘭村嘉蘭國小旁,2004/6/1,,
C0S830,長濱,288M,121°24' 14〞E,23°17' 19〞N,臺東縣,長濱鄉竹湖村移民橋後方山頂三角點旁,2004/6/1,,本站原為雨量站(C1S650)，於2004/06/01擴充為氣象站，變更站碼為(C0S830)。
C0S840,南田,22M,120°52' 55〞E,22°17' 31〞N,臺東縣,達仁鄉南田村南田風景區公園對面,2004/6/1,,
C1S850,豐南,489M,121°15' 15.4〞E,23°07' 26.5〞N,花蓮縣,富里鄉豐南村花82縣道盡頭叉路1K旁,2012/1/1,,
C1S860,利嘉,516M,121°02' 32.6〞E,22°48' 40.0〞N,臺東縣,卑南鄉利嘉林道6K附近梅子園,2012/1/1,,
C1S870,南美山,222M,121°22' 27.3〞E,23°09' 07.6〞N,臺東縣,成功鎮南美山產業道路盡頭柑橘園,2012/1/1,,
C0T791,大禹嶺,2830M,121°18'28.2〞E,24°11'16.6〞N,花蓮縣,秀林鄉立霧溪事業區67林班地,2011/11/1,,
C1T800,洛韶,1260M,121°26' 45〞E,24°12' 23〞N,花蓮縣,秀林鄉富世村中橫公路洛韶11號旁,1996/1/1,,
C1T810,慈恩,2049M,121°22' 49〞E,24°11' 38〞N,花蓮縣,秀林鄉富世村關原路3號(救國團慈恩山莊),1996/1/1,,
C0T820,天祥,550M,121°29' 15〞E,24°10' 53〞N,花蓮縣,秀林鄉立霧溪事業區80林班地(天祥祥德寺),1996/1/1,,
C1T830,布洛灣,200M,121°34' 47〞E,24°10' 25〞N,花蓮縣,秀林鄉布洛灣地區(布洛灣遊客中心圓環之廣場旁邊),1996/1/1,,
C0T841,新城,23M,121°36' 04.5〞E,24°02' 22.9〞N,花蓮縣,新城鄉大漢村樹人街1號(大漢技術學院內),2009/10/15,,
C1T850,吉安,50M,121°33' 17〞E,23°58' 31〞N,花蓮縣,吉安鄉吉安村吉安路2段97號(吉安國民小學教室之屋頂上),1996/1/1,,
C1T860,銅門,125M,121°29' 16〞E,23°58' 03〞N,花蓮縣,秀林鄉銅門村12鄰108號(銅門國小後面農地上),1996/1/1,,
C0T870,鯉魚潭,135M,121°30' 02.9〞E,23°56' 14.8〞N,花蓮縣,壽豐鄉池南村池南路一段8號(鯉魚潭風景區旁),1996/1/1,,
C1T880,吳全城,27M,121°32' 24〞E,23°53' 20〞N,花蓮縣,壽豐鄉平和村吳全10號(和平國小之吳全國小操場旁),1996/1/1,,
C1T890,壽豐,40M,121°29' 59〞E,23°52' 16〞N,花蓮縣,壽豐鄉壽豐村壽山路19號(壽豐國民小學操場旁),1996/1/1,,
C0T900,西林,160M,121°24' 35〞E,23°48' 31〞N,花蓮縣,萬榮鄉西林路8鄰114號(西林國民小學運動場旁),2010/7/1,,原為雨量站(C1T900)，於2010/7/1擴充為氣象站，變更站碼為(C0T900)，觀測項目(雨量+氣壓+氣溫+風速+風向)。
C1T920,中興,68M,121°29' 26〞E,23°46' 17〞N,花蓮縣,壽豐鄉中興大橋橋頭旁,1996/1/1,,
C1T930,鳳林,130M,121°26' 15〞E,23°44' 43〞N,花蓮縣,鳳林鎮鳳智里中正路2段1號(鳳林國民小學後方鐵道旁),1996/1/1,,
C1T940,大觀,539M,121°21' 54〞E,23°42' 58〞N,花蓮縣,萬榮鄉(往臺16線過管制哨約12K處),1996/1/1,,
C1T950,太安,1050M,121°21' 43〞E,23°40' 07〞N,花蓮縣,萬榮鄉太田事業區128林班地(馬太鞍苗圃),1996/1/1,,
C0T960,光復,140M,121°25' 00〞E,23°39' 45〞N,花蓮縣,光復鄉大進村糖廠街19號(臺糖公司花蓮光復糖廠內),1996/1/1,,
C1T970,大農,200M,121°24' 18〞E,23°37' 01〞N,花蓮縣,光復鄉花蓮糖廠之大農農場內,1996/1/1,,
C1T980,龍澗,1306M,121°24' 12〞E,24°01' 30〞N,花蓮縣,秀林鄉龍澗發電廠旁,1996/1/1,,
C1T990,高寮,128M,121°20' 55〞E,23°23' 46〞N,花蓮縣,玉里鎮觀音里15鄰9號(觀音國民小學校園內),1997/7/1,,
C0T9A0,月眉山,511M,121°32' 25〞E,23°49' 33〞N,花蓮縣,壽豐鄉月眉山旁的小山丘上(過米棧大橋往山上水璉方向至四號橋左轉之山上),2000/10/1,,
C0T9B0,水源,558M,121°31' 45〞E,23°59' 37〞N,花蓮縣,秀林鄉原林務局水源段的苗圃內,2000/10/1,,
C0T9C0,富世,109M,121°37' 19〞E,24°08' 59〞N,花蓮縣,秀林鄉富世村127號(富世國小校園內),2004/6/1,,
C0T9D0,和中,7M,121°44' 00〞E,24°16' 05〞N,花蓮縣,秀林鄉和平國小和中分校校園內,2004/6/1,,
C0T9E0,大坑,415M,"121°34' 55.0""E",23°52' 50.0〞N,花蓮縣,壽豐鄉觀光局東部海岸國家風景管理處花蓮遊客中心後方,2004/6/1,,
C0T9F0,水璉,283M,121°32' 03〞E,23°47' 56〞N,花蓮縣,壽豐鄉水璉村,2004/6/1,,
C0T9G0,鳳林山,650M,121°25' 17〞E,23°44' 52〞N,花蓮縣,鳳林鎮,2004/6/1,,
C0T9H0,加路蘭山,746M,121°31' 08〞E,23°41' 03〞N,花蓮縣,豐濱鄉臨海段776-4號,2004/6/1,,
C0T9I0,豐濱,214M,121°30' 21〞E,23°34' 49〞N,花蓮縣,豐濱鄉豐濱村,2004/6/1,,
C0T9M0,靜浦,92M,121°29' 12〞E,23°27' 25〞N,花蓮縣,豐濱鄉靜浦村活動中心後山上,1997/7/1,,舊站碼(C0S720)與站址所在縣市代碼不符，自2008/2/25起變更站碼為(C0T9M0)。
C1U501,牛鬥,280M,121°33' 55〞E,24°38' 22〞N,宜蘭縣,大同鄉牛鬥地區,1996/1/1,,
C1U511,古魯,492M,121°39' 48〞E,24°34' 24〞N,宜蘭縣,大同鄉(羅東事業區第58林班內),1996/1/1,,
C0U520,雙連埤,517M,121°37' 59〞E,24°45' 17〞N,宜蘭縣,員山鄉雙連埤地區(需徒步20分鐘),2010/7/1,,原為雨量站(C1U521)，於2010/7/1擴充為氣象站，變更站碼為(C0U520)，觀測項目(雨量+氣壓+氣溫+風速+風向)。
C1U580,北關,8M,121°51' 55〞E,24°54' 33〞N,宜蘭縣,頭城鎮(北關海防班哨旁),1996/1/1,,
C1U590,頭城,6M,121°48' 23〞E,24°51' 14〞N,宜蘭縣,頭城鎮新建里新興路111號(頭城家商操場角落),1996/1/1,,
C0U600,礁溪,10M,121°45' 33〞E,24°49' 13〞N,宜蘭縣,礁溪鄉礁溪路四段23號(礁溪國民中學教室後宿舍旁),1996/1/1,,
C1U610,大礁溪,268M,121°40' 12〞E,24°47' 16〞N,宜蘭縣,礁溪鄉二結村1鄰9-1號(國立宜蘭大學實驗林場),1996/1/1,,
C0U620,壯圍,17M,121°46' 53〞E,24°44' 44〞N,宜蘭縣,壯圍鄉壯五路40號(壯圍國民小學操場旁),2010/7/1,,原為雨量站(C1U620)，於2010/7/1擴充為氣象站，變更站碼為(C0U620)，觀測項目(雨量+氣壓+氣溫+風速+風向)。
C1U630,再連,140M,121°40' 16〞E,24°43' 01〞N,宜蘭縣,員山鄉內城湖旁之山上果園,1996/1/1,,
C0U640,羅東,24M,121°44' 26〞E,24°41' 06〞N,宜蘭縣,羅東鎮羅東公園,1996/1/1,,
C0U650,玉蘭,494M,121°34' 44〞E,24°40' 38〞N,宜蘭縣,大同鄉松羅村鹿場路11號(往松羅山頂瞭望亭旁),1996/1/1,,
C1U660,三星,103M,121°38' 46〞E,24°40' 21〞N,宜蘭縣,三星鄉月眉街(三星鄉運動公園),1996/1/1,,
C1U670,寒溪,147M,121°42' 30〞E,24°38' 10〞N,宜蘭縣,冬山鄉大進村大進七路51號(大進國民小學校園內),1996/1/1,,
C0U680,冬山,22M,121°47' 07〞E,24°38' 03〞N,宜蘭縣,冬山鄉南興村照安路26號(冬山國民中學內),2010/7/1,,原為雨量站(C1U680)，於2010/7/1擴充為氣象站，變更站碼為(C0U680)，觀測項目(雨量+氣壓+氣溫+風速+風向)。
C1U690,新寮,101M,121°44' 35〞E,24°37' 39〞N,宜蘭縣,冬山鄉中山瀑布附近,1996/1/1,,
C0U710,太平山,1810M,121°31' 03〞E,24°30' 26〞N,宜蘭縣,大同鄉太平山93林班地(林務局路標22.3K處),1996/1/1,,
C1U720,南山,1260M,121°22' 24〞E,24°26' 21〞N,宜蘭縣,大同鄉南山村4鄰埤南巷31-3號(南山國民小學內),1996/1/1,,
C0U730,思源,2036M,121°20' 55〞E,24°23' 56〞N,宜蘭縣,大同鄉(思源啞口旁，大甲溪事業區第40林班),1996/1/1,,
C0U750,龜山島,398M,121°57' 11〞E,24°50' 29〞N,宜蘭縣,頭城鎮龜山島山頂401高地觀景台,2002/11/1,,本站為觀光局所設，交由本局管理。
C0U760,東澳,32M,121°49' 59〞E,24°31' 14〞N,宜蘭縣,南澳鄉東岳村蘇花路三段209號(東澳國小校園內),2004/6/1,,
C0U770,南澳,5M,121°48' 37〞E,24°26' 58〞N,宜蘭縣,南澳鄉(中央氣象局地震中心系統維護課之南澳地震站),2005/10/1,,
C0U780,五結,15M,121°47' 24.8〞E,24°41' 19.4〞N,宜蘭縣,五結鄉,2010/7/1,,觀測項目(雨量+氣壓+氣溫+風速+風向)
C1U830,烏石鼻,618M,121°49' 54〞E,24°29' 05〞N,宜蘭縣,蘇澳鎮之烏石鼻(南澳事業區第10鄰班地上),2011/1/1,,
C1U840,東澳嶺,750M,121°50'26.2〞E,24°32'21.6〞N,宜蘭縣,南澳鄉,2011/7/1,,
C1U850,觀音海岸,683M,121°46'13.2〞E,24°23'06.4〞N,宜蘭縣,南澳鄉之林務局羅東林區管理處和平事業區91林班,2011/7/1,,
C0V150,表湖,1163M,120°39' 22〞E,23°15' 43〞N,高雄市,那瑪夏區曾文水庫表湖雨量測報站旁,1988/12/1,,本站於 2013/3/19 進行儀器汰換，並於2013/8/1完成驗收。
C1V160,民生(達卡努瓦),1040M,120°41' 50〞E,23°16' 54〞N,高雄市,那瑪夏區達卡努瓦里,1992/5/1,,
C1V170,排雲,3690M,120°56' 45.7〞E,23°27' 54.2〞N,高雄市,桃源區排雲山莊往南峰方向步行約6小時(登山口-8.5K排雲山莊-1.5K測站),1992/5/1,,
C1V190,南天池,2700M,120°54' 13〞E,23°16' 33〞N,高雄市,桃源區長春祠旁之步道步行約50分鐘,1992/5/1,,
C1V200,梅山,870M,120°48' 55.6〞E,23°16' 13.0〞N,高雄市,桃源區梅山里(梅山口遊客中心旁道路步行約10分鐘),1992/5/1,,本站於2013/2/27進行儀器汰換，並於2013/4/18完成驗收。
C0V210,復興,700M,120°47' 52.0〞E,23°13' 27.0〞N,高雄市,桃源區復興里復興巷1鄰15號,2013/4/18,,原為雨量站(C1V210)於2013/4/18擴充為氣象站，變更站碼為(C0V210)。
C1V220,小關山,1781M,120°48' 19〞E,23°09' 21〞N,高雄市,桃源區老濃溪事業區99林班地,1992/5/1,,本站於2013/2/26進行儀器汰換，並於2013/4/18完成驗收。
C1V231,高中,731M,120°42' 31.1〞E,23°08' 11.8〞N,高雄市,桃源區高中里,2013/4/18,,
C1V240,新發,470M,120°39' 09〞E,23°03' 13〞N,高雄市,六龜區荖濃里2鄰水冬瓜44號旁,1992/5/1,,
C0V250,甲仙,270M,120°34' 57〞E,23°04' 54〞N,高雄市,甲仙區(甲仙國民中學操場後方小山丘上),1992/5/1,,本站於2013/3/13進行儀器汰換，並於2013/4/18完成驗收。
C0V260,月眉,122M,120°31' 54.4〞 E,22°58' 22.0〞 N,高雄市,杉林區月眉里山仙路1號月眉農場,2013/8/1,,原為雨量站(C1V260)於2013/8/1擴充為氣象站，變更站碼為(C0V260)。
C1V270,溪南,1792M,120°47' 54〞E,23°04' 40〞N,高雄市,桃源區荖濃溪事業區54林班地(籐枝山遊樂區右邊往林道車程約45分鐘),1992/5/1,,
C1V300,御油山,1637M,120°42' 25〞E,23°00' 14〞N,高雄市,桃源區農業委員會林業試驗所六龜分所鳳崗山苗圃觀測坪內,1992/5/1,,
C0V310,美濃,46M,120°30' 40〞E,22°54' 02〞N,高雄市,美濃區福安里中山路二段204巷65號(美濃區福安國小後方),1992/5/1,,本站於 2013/6/15 進行儀器汰換，並於2013/8/1完成驗收。
C1V340,大津,190M,120°38' 17〞E,22°53' 24〞N,高雄市,六龜區大津里34號(龍興國小大津分校),1992/5/1,,
C1V350,溪埔,36M,120°26' 19.0〞E,22°44' 25.0〞N,高雄市,大樹區溪埔里之台21線285k-286k間,1992/5/1,,
C1V360,木柵,94M,120°27' 30〞E,22°58' 37〞N,高雄市,內門區木柵里木柵3號(木柵國民小學),1992/5/1,,
C0V370,古亭坑,30M,120°23' 38〞E,22°53' 42〞N,高雄市,田寮區古亭里,1992/5/1,,
C1V390,尖山,60M,120°21' 35〞E,22°48' 54〞N,高雄市,燕巢區尖山里尖山巷11之1號(燕巢國小尖山分校),1992/5/1,,
C1V400,竹子腳,51M,120°20' 07〞E,22°48' 53〞N,高雄市,燕巢區西燕里工程路1號(阿公店水庫內),1992/5/1,,
C1V410,岡山,31M,120°17' 23〞E,22°45' 25〞N,高雄市,橋頭區新莊里仕元路左邊一號白樹子農場(橋頭區白樹子段1035號),1992/5/1,,
C1V420,鳳雄,55M,120°20' 39〞E,22°45' 09〞N,高雄市,大社區保社里民權路126號鳳山厝農場(大社區保舍甲段1037號),1992/5/1,,
C1V430,左營,13M,120°17' 14〞E,22°40' 44〞N,高雄市,左營區曾子路281號(左營國中內),1992/5/1,,
C1V440,鳳山,27M,120°20' 53〞E,22°38' 55〞N,高雄市,鳳山區文山路園藝巷4號(鳳山熱帶園藝試驗分所),1992/5/1,,
C1V451,鳳森,51M,120°23' 04.2〞E,22°32' 49〞N,高雄市,小港區水庫段96-1地號(鳳山給水廠內),2012/7/31,,
C1V460,楠溪,1857M,120°53' 04〞E,23°26' 17〞N,高雄市,桃源區(楠溪林道17k處愛玉工寮，車程約1小時),1992/7/1,,
C0V490,新興,20M,120°17' 26.1〞E,22°37' 44.8〞N,高雄市,新興區大同一路231號(大同國小內5樓頂),2009/12/1,,
C0V500,旗津,6M,120°16' 40.4〞E,22°35' 25.5〞N,高雄市,旗津區中洲二路207號(旗津國中校園內),2009/12/1,,
C0V530,阿蓮,34M,120°19' 10.3〞 E,22°53' 05.8〞 N,高雄市,阿蓮區公所樓頂,2013/8/1,,原為雨量站(C1V530)於2013/8/1擴充為氣象站，變更站碼為(C0V530)。
C1V570,吉東,82M,120°32' 14.4〞 E,22°51' 21.6〞 N,高雄市,美濃區吉東里吉頂路19號(吉東國小),2013/8/1,,
C1V580,溪南(特生中心),1656M,120°46' 49.4〞E,23°05' 12.6〞N,高雄市,桃源區石山林道7K(特有生物研究保育中心中海拔試驗站),2013/4/18,,
C1V600,藤枝,1561M,120°44' 56.1〞E,23°04' 25.5〞N,高雄市,藤枝森林遊樂區遊客中心,2013/4/18,,
C0V720,林園,15M,120°23' 11.6〞 E,22°30' 34.5〞 N,高雄市,林園區林園北路179號(林園區公所),2013/8/1,,
C0V730,大寮,33M,120°23' 15.6〞 E,22°36' 26.6〞 N,高雄市,大寮區鳳林三路492號(大寮區公所),2013/8/1,,
C0V740,旗山,60M,120°28' 31.9〞 E,22°53' 25.4〞 N,高雄市,旗山區延平一路499號(旗山區公所),2013/8/1,,
C1X010,岸內,15M,120°15' 08〞E,23°19' 54〞N,臺南市,鹽水區岸內里96號,1993/3/1,,
C0X020,關子嶺,403M,120°30' 13〞E,23°19' 44〞N,臺南市,白河區關嶺里,1993/5/1,,
C1X030,白河,33M,120°25' 15〞E,23°19' 35〞N,臺南市,白河區崁頭里65號白河農場(崁子頭839號),1993/3/1,,
C1X040,東原,232M,120°27' 19〞E,23°17' 35〞N,臺南市,東山區高原里4鄰31號後方果園,1993/3/1,,
C1X050,東河,19M,120°22' 38〞E,23°17' 55〞N,臺南市,東山區東河里吉貝耍64號(東河水利工作站),1993/5/1,,
C1X060,下營,19M,120°14' 53.0〞E,23°13' 37.0〞N,臺南市,下營區仁里里下營國小附近,1993/3/1,,
C1X070,北門,14M,120°06' 59〞E,23°16' 12〞N,臺南市,北門區北門里舊悜119號(北門電信局後方觀測坪),1993/3/1,,
C0X080,佳里,2M,120°08' 12〞E,23°10' 30〞N,臺南市,佳里區西方之埔尾，近七股區之篤加,1993/3/1,,
C1X090,七股,6M,120°08' 17.0〞E,23°08' 37.0〞N,臺南市,七股區昭明國中後方,1993/3/1,,
C0X100,臺南市北區,10M,120°11' 10.8〞E,23°00' 43.8〞N,臺南市,北區文賢路678號(和緯消防分隊),2013/4/18,,
C0X110,臺南市南區,20M,120°10' 49.5〞E,22°57' 46.9〞N,臺南市,南區明興路2號(南區區公所),2013/4/18,,
C0X120,麻豆,28M,120°14' 25.8〞E,23°11' 06.2〞N,臺南市,麻豆區興國路9號(麻豆消防分隊5樓頂),2013/4/18,,
C0X130,官田,27M,120°18' 27.1〞E,23°11' 42.1〞N,臺南市,官田區中山路一段132號(官田區公所),2013/4/18,,
C0X140,西港,17M,120°11' 42.3〞E,23°07' 38.7〞N,臺南市,西港區中山路450號(西港消防分隊4樓頂),2013/4/18,,
C0X150,安定,18M,120°13' 11.9〞E,23°06' 15.9〞N,臺南市,安定區南安村油車33之11號(安定消防分隊3樓頂),2013/4/18,,
C0X160,仁德,26M,120°14' 59.2〞E,22°58' 12.4〞N,臺南市,仁德區仁義路432號(仁德消防分隊),2013/4/18,,
C0X170,關廟,50M,120°19' 11.0〞 E,22°57' 53.5〞 N,臺南市,關廟區中正路998號(關廟區公所3樓頂),2013/8/1,,
C0X180,山上,62M,120°21' 18.7〞E,23°04' 38.8〞N,臺南市,山上區豐德里隙子口5之1號(中油豐德供油中心2樓頂),2013/4/18,,
C0X190,安平,10M,120°08' 38.8〞E,22°59' 41.9〞N,臺南市,安平區城平路2號(台江國家公園管理處),2013/4/18,,
C0X200,左鎮,61M,120°24' 01.6〞E,23°03' 30.7〞N,臺南市,左鎮區中正里171號之4(左鎮區公所),2013/4/18,,
C1Z010,卓樂,198M,121°15' 49〞E,23°17' 56〞N,花蓮縣,卓溪鄉卓清村卓樂社區長老教會旁,1997/7/1,,
C0Z020,明里,211M,121°15' 15〞E,23°12' 38〞N,花蓮縣,富里鄉明里村明里社區後方山上,2010/7/1,,原為雨量站(C1Z020)，於2010/7/1擴充為氣象站，變更站碼為(C0Z020)，觀測項目(雨量+氣壓+氣溫+風速+風向)。
C1Z030,紅葉,218M,121°19' 50〞E,23°29' 42〞N,花蓮縣,萬榮鄉紅葉村教堂附近,1997/8/1,,
C1Z040,立山,434M,121°19' 09〞E,23°26' 42〞N,花蓮縣,卓溪鄉立山村後山上,1997/7/1,,
C0Z050,佳心,704M,121°12' 18〞E,23°20' 49〞N,花蓮縣,卓溪鄉佳心(玉山國家公園內，距花蓮卓溪鄉南安遊客步行2.5時之日據時代派出所舊址),1997/7/1,,
C0Z061,玉里,174.2M,121°20' 23.0〞E,23°19' 18.0〞N,花蓮縣,玉里鎮樂合里新民41號,2008/2/20,,
C0Z070,舞鶴,272M,121°21' 57〞E,23°28' 11〞N,花蓮縣,瑞穗鄉舞鶴村加納納山三角點旁,1997/7/1,,
C0Z080,富源,298M,121°22' 13.4〞E,23°35' 23.1〞N,花蓮縣,光復鄉大豐村9鄰265號(富源國中對面之半山腰上),2012/1/1,,
C1Z090,三棧,706M,121°35' 49.2〞E,24°07' 07.7〞N,花蓮縣,秀林鄉雙露山,2012/1/1,,
A0A9M,新店,,121°31' 35.9〞E,24°57' 38.2〞N,新北市,新北市新店區莒光路29號,,,
